id,jornada,jornadaName,sport,categoryId,date,time,venue,homeTeamId,awayTeamId,homeScore,awayScore,status,currentPeriod,mvpPlayerName,notes,updatedAt
m-fem-01,1,1.ª Jornada - Festival Octubre,futbol,cat-fem-futbol,2026-10-05,13:30,"Cancha Principal, Campus Cabo Velas",la-paz-cabo-velas,cria,3,1,completed,Finalizado,Valentina Soto (LPCV),Gran despliegue ofensivo de La Paz Cabo Velas en el segundo tiempo.,2026-10-05T15:00:00Z
m-fem-02,1,1.ª Jornada - Festival Octubre,futbol,cat-fem-futbol,2026-10-05,15:00,"Cancha Principal, Campus Cabo Velas",journey-school,educarte,2,2,completed,Finalizado,Camila Rojas (TJS),Empate electrizante en los minutos finales con gol de tiro libre.,2026-10-05T16:45:00Z
m-fem-03,1,1.ª Jornada - Festival Octubre,futbol,cat-fem-futbol,2026-10-05,16:15,"Cancha 2, Campus Cabo Velas",la-paz-tempisque,vittorino,1,0,completed,Finalizado,Lucía Méndez (LPTP),Victoria cerrada con destacada actuación de la guardameta.,2026-10-05T17:30:00Z
m-fut-c-01,1,1.ª Jornada - Festival Octubre,futbol,cat-c-futbol,2026-10-06,13:30,"Cancha Principal, Campus Tempisque",cria,la-paz-tempisque,4,2,completed,Finalizado,Mateo Jiménez (CRIA),Hat-trick de Mateo Jiménez para asegurar la victoria de CRIA.,2026-10-06T15:00:00Z
m-fut-c-02,1,1.ª Jornada - Festival Octubre,futbol,cat-c-futbol,2026-10-06,15:00,"Cancha Principal, Campus Tempisque",educarte,la-paz-cabo-velas,1,3,completed,Finalizado,Sebastián Mora (LPCV),Dominio de posesión y velocidad en las bandas por Cabo Velas.,2026-10-06T16:30:00Z
m-fut-d-01,1,1.ª Jornada - Festival Octubre,futbol,cat-d-futbol,2026-10-07,14:00,"Cancha Sintética, Campus Cabo Velas",vittorino,journey-school,5,3,completed,Finalizado,Ignacio Vargas (VIT),Festival de goles y entusiasmo de los más pequeños.,2026-10-07T15:30:00Z
m-vol-c-01,1,1.ª Jornada - Festival Octubre,voleibol,cat-c-voleibol,2026-10-08,13:30,"Gimnasio Techado, Campus Tempisque",la-paz-cabo-velas,journey-school,2,0,scheduled,Finalizado,,,2026-10-08T14:45:00Z
m-bal-c-01,1,1.ª Jornada - Festival Octubre,baloncesto,cat-c-baloncesto,2026-10-09,14:30,"Cancha Múltiple, Campus Cabo Velas",cria,vittorino,48,36,completed,Finalizado,Daniel Navarro (CRIA),Sólida defensa en zona de CRIA durante los 4 cuartos.,2026-10-09T16:00:00Z
m-fem-j2-01,2,2.ª Jornada - Festival Noviembre,futbol,cat-fem-futbol,2026-11-02,14:00,"Cancha Principal, Campus Tempisque",la-paz-tempisque,la-paz-cabo-velas,0,0,scheduled,Por Iniciar,,Clásico institucional programado para la 2.ª Jornada Oficial.,2026-10-15T10:00:00Z
m-fut-c-next1,2,2.ª Jornada - Festival Noviembre,futbol,cat-c-futbol,2026-11-03,13:30,"Cancha Principal, Campus Tempisque",journey-school,cria,0,0,scheduled,Por Iniciar,,Duelo clave por el liderato de la Categoría C.,2026-10-20T10:00:00Z
m-vol-c-next1,2,2.ª Jornada - Festival Noviembre,voleibol,cat-c-voleibol,2026-11-05,14:00,"Gimnasio Techado, Campus Cabo Velas",educarte,la-paz-tempisque,0,0,scheduled,Por Iniciar,,Jornada 2 de voleibol femenino.,2026-10-20T10:00:00Z
m-bal-c-next1,2,2.ª Jornada - Festival Noviembre,baloncesto,cat-c-baloncesto,2026-11-06,15:00,"Cancha Múltiple, Campus Cabo Velas",la-paz-cabo-velas,educarte,0,0,scheduled,Por Iniciar,,Jornada de baloncesto.,2026-10-20T10:00:00Z
